"repository_path","category","dataset","condition","method","source_path","size_bytes","sha256","source_hash_match","note"
"code/cwru/clean/basic.ipynb","notebook","CWRU","clean","basic","D:\文件备份\学习\论文-故障分类\历史模型\models\ROUND_4\Bace\MCNN-LSTM-CWRU--Attention--ResNet.ipynb","958363","3e5c82264f18d35744ab3470e04aa8e7584ce6bcf66c1d7855ac0148c3f3cdc5","true","Selected paper-result notebook"
"code/cwru/clean/hybrid.ipynb","notebook","CWRU","clean","hybrid","D:\文件备份\学习\论文-故障分类\历史模型\models\ROUND_4\Bace\test_niose_dnn_wave.ipynb","754530","10a0a9d0ce82792a6024a235a79f60751651fc2f4d0ac485e90354fff66a88a0","true","Selected paper-result notebook"
"code/cwru/clean/model_denoising.ipynb","notebook","CWRU","clean","model_denoising","D:\文件备份\学习\论文-故障分类\历史模型\models\ROUND_4\Bace\Base_dnn.ipynb","751041","83cb80c875d0a8dac77a25488e69b16930668825dc3225bc2ba817273e05da33","true","Selected paper-result notebook"
"code/cwru/clean/wavelet.ipynb","notebook","CWRU","clean","wavelet","D:\文件备份\学习\论文-故障分类\历史模型\models\ROUND_4\Bace\Base_wave.ipynb","750589","c3a5cce1ec326bc3e8380cb0ba34bea434aa94189b5ab91631a6a09934ea3155","true","Selected paper-result notebook"
"code/cwru/snr0/basic.ipynb","notebook","CWRU","snr0","basic","D:\文件备份\学习\论文-故障分类\历史模型\models\ROUND_4\Gaussian_test_noise_SNR=0\Base.ipynb","756149","dc9166526d81e4b6917ac6676dce0845032d47ca1be968b7d49a6f8203d537f4","true","Selected paper-result notebook"
"code/cwru/snr0/hybrid.ipynb","notebook","CWRU","snr0","hybrid","D:\文件备份\学习\论文-故障分类\历史模型\models\ROUND_4\Gaussian_test_noise_SNR=0\test_niose_dnn_wave.ipynb","753725","ab0003f2c901c5d12bc22b15a9ea026777758cf6a752ba4a12849204953d8647","true","Selected paper-result notebook"
"code/cwru/snr0/model_denoising.ipynb","notebook","CWRU","snr0","model_denoising","D:\文件备份\学习\论文-故障分类\历史模型\models\ROUND_4\Gaussian_test_noise_SNR=0\Base_dnn.ipynb","754424","ff62a632ef4bc8ee77c22e51be806f732acf348c8045bb312c7ce0195ae328cd","true","Selected paper-result notebook"
"code/cwru/snr0/wavelet.ipynb","notebook","CWRU","snr0","wavelet","D:\文件备份\学习\论文-故障分类\历史模型\models\ROUND_4\Gaussian_test_noise_SNR=0\Base_wave.ipynb","749760","6622ed71409e918a48048b963f296a0b4984bdcbf9f3f6a67c77a47dbe5103ea","true","Selected paper-result notebook"
"code/cwru/snr10/basic.ipynb","notebook","CWRU","snr10","basic","D:\文件备份\学习\论文-故障分类\历史模型\models\ROUND_5\Gaussian_test_noise_SNR=10\Base.ipynb","746343","5831beb3b29fa99ec48b89cae9fbf96cfa6bd94d26903c185043a389c5161ba4","true","Selected paper-result notebook"
"code/cwru/snr10/hybrid.ipynb","notebook","CWRU","snr10","hybrid","D:\文件备份\学习\论文-故障分类\历史模型\models\ROUND_5\Gaussian_test_noise_SNR=10\test_niose_dnn_wave.ipynb","756962","4a3933cef604889f07b945920318202c88d170153b141116fd92e6f6f85a0876","true","Selected paper-result notebook"
"code/cwru/snr10/model_denoising.ipynb","notebook","CWRU","snr10","model_denoising","D:\文件备份\学习\论文-故障分类\历史模型\models\ROUND_5\Gaussian_test_noise_SNR=10\Base_dnn.ipynb","748525","c25965d14e6e45e4816d7d6b518669ae3cffdaa04714d90b99b9b435e7d85f7c","true","Selected paper-result notebook"
"code/cwru/snr10/wavelet.ipynb","notebook","CWRU","snr10","wavelet","D:\文件备份\学习\论文-故障分类\历史模型\models\ROUND_5\Gaussian_test_noise_SNR=10\Base_wave.ipynb","745525","85194ad66ebad41f7f44d41195cc65669bf61da9383daf5a79ee3b7051d1a917","true","Selected paper-result notebook"
"code/cwru/snr15/basic.ipynb","notebook","CWRU","snr15","basic","D:\文件备份\学习\论文-故障分类\历史模型\models\ROUND_4\Gaussian_test_noise_SNR=15\Base.ipynb","744740","8008a63add333aea0fcb54918d4438cd37432337b355932603e9fc355d95cee1","true","Selected paper-result notebook"
"code/cwru/snr15/hybrid.ipynb","notebook","CWRU","snr15","hybrid","D:\文件备份\学习\论文-故障分类\历史模型\models\ROUND_4\Gaussian_test_noise_SNR=15\test_niose_dnn_wave.ipynb","728665","3c5a07fc837c684d4b9177aec20e9357a30edb7e03371215f0a89e770e5cae11","true","Notebook output 0.951182; manuscript reports 0.9512"
"code/cwru/snr15/model_denoising.ipynb","notebook","CWRU","snr15","model_denoising","D:\文件备份\学习\论文-故障分类\历史模型\models\ROUND_4\Gaussian_test_noise_SNR=15\Base_dnn.ipynb","750140","df7848aba56eb22d8b0bf179e794cc66b2493dbf438bf645669d2777c3a17829","true","Selected paper-result notebook"
"code/cwru/snr15/wavelet.ipynb","notebook","CWRU","snr15","wavelet","D:\文件备份\学习\论文-故障分类\历史模型\models\ROUND_4\Gaussian_test_noise_SNR=15\Base_wave.ipynb","761333","bd9caac3516b4857d414ab70c58671b31b2efde962bbd459b6d28a6bba923723","true","Selected paper-result notebook"
"code/cwru/snr20/basic.ipynb","notebook","CWRU","snr20","basic","D:\文件备份\学习\论文-故障分类\历史模型\models\ROUND_4\Gaussian_test_noise_SNR=20\Bace.ipynb","954684","eaf19a9c8e10c2b4526862664733b9ee047982ba4bd5bd6142f46086716ccf77","true","Selected paper-result notebook"
"code/cwru/snr20/hybrid.ipynb","notebook","CWRU","snr20","hybrid","D:\文件备份\学习\论文-故障分类\历史模型\models\ROUND_4\Gaussian_test_noise_SNR=20\test_niose_dnn_wave.ipynb","746953","2a1d6817444e4d2b5f1a3ff46eec6a7f2b8f5fe499e073a63e4876a2511ae5ea","true","Selected paper-result notebook"
"code/cwru/snr20/model_denoising.ipynb","notebook","CWRU","snr20","model_denoising","D:\文件备份\学习\论文-故障分类\历史模型\models\ROUND_4\Gaussian_test_noise_SNR=20\Base_dnn.ipynb","750960","b1b32b9d7685cbbca60e682263cf2de91e3fecab9f02a15d255182f3dc63fd29","true","Selected paper-result notebook"
"code/cwru/snr20/wavelet.ipynb","notebook","CWRU","snr20","wavelet","D:\文件备份\学习\论文-故障分类\历史模型\models\ROUND_4\Gaussian_test_noise_SNR=20\Base_wave.ipynb","755561","1b2e067338affdbadd996ae6feb59c3f18d2d4801ca4a5002d13115293595f2e","true","Selected paper-result notebook"
"code/cwru/snr5/basic.ipynb","notebook","CWRU","snr5","basic","D:\文件备份\学习\论文-故障分类\历史模型\models\ROUND_4\Gaussian_test_noise_SNR=5\Base.ipynb","752341","f23b6cb231b1cf0af8f4f4f0514148a158b299ec16d37e67f15e1e37485785eb","true","Selected paper-result notebook"
"code/cwru/snr5/hybrid.ipynb","notebook","CWRU","snr5","hybrid","D:\文件备份\学习\论文-故障分类\历史模型\models\ROUND_4\Gaussian_test_noise_SNR=5\test_niose_dnn_wave.ipynb","761633","dacadeae389e70fc7a794efdd85b9d1c239043bb667325eb5a164a8c3bdc7f88","true","Selected paper-result notebook"
"code/cwru/snr5/model_denoising.ipynb","notebook","CWRU","snr5","model_denoising","D:\文件备份\学习\论文-故障分类\历史模型\models\ROUND_4\Gaussian_test_noise_SNR=5\Base_dnn.ipynb","760456","f71f1057f275a75ad947b7d5b0681acad715844914ff79d3e266a81c9de9f836","true","Selected paper-result notebook"
"code/cwru/snr5/wavelet.ipynb","notebook","CWRU","snr5","wavelet","D:\文件备份\学习\论文-故障分类\历史模型\models\ROUND_4\Gaussian_test_noise_SNR=5\Base_wave.ipynb","753692","f4b2e9125eb0ab17a3842754a7f38a114ac840b0fd08666b459dc5e3355c90a2","true","Selected paper-result notebook"
"code/noise_generation/cwru/add_gaussian_noise.ipynb","notebook","CWRU","all","noise_generation","D:\文件备份\学习\论文-故障分类\历史模型\models\Noise_add_model\Gaussian_noise_add.ipynb","18891","6896d6846b3fcf9312860889b5290011d901297755fff937b2802028f9df9cf9","true","Historical Gaussian-noise generator; NumPy seed 42"
"code/noise_generation/cwru/add_test_noise.ipynb","notebook","CWRU","all","noise_generation","D:\文件备份\学习\论文-故障分类\历史模型\models\Noise_add_model\test_niose_add.ipynb","48470","dce53f82b43e47a11d13dc939aa6eec446fe1b17c69a8201504b40518edcd834","true","Historical test-noise generator; NumPy seed 42"
"code/noise_generation/sufd/add_test_noise.ipynb","notebook","SUFD","all","noise_generation","D:\文件备份\学习\论文-故障分类\历史模型\Geer_train_NEW\Noisy_add\test_niose_add.ipynb","16894","23f37bd3dc81b8ebdb50bc58c078a6b9e11bc7083b7f1235a0df86e090dc7a67","true","Historical generator; currently has mutable SNR_DB setting"
"code/plotting/plot_noise_accuracy.py","plotting_code","CWRU;SUFD","all","accuracy","D:\文件备份\学习\论文-故障分类\绘图\plot_noise_accuracy.py","9564","f3a7a67413843ef6a6cf9099c427ee2fb2b8ba534ef380350e83e1e5da4b3561","true","Generates grouped-bar and line accuracy figures in PDF, PNG, and SVG"
"code/plotting/plot_noise_gain.py","plotting_code","CWRU;SUFD","all","gain_interaction","D:\文件备份\学习\论文-故障分类\绘图\plot_noise_gain.py","11130","0990b359c930b2982d54b3cd4fbb3d9142c9112f28353c6029a000b72ade901a","true","Generates gain and hybrid interaction-effect figures"
"code/plotting/plot_radar_robustness.py","plotting_code","CWRU;SUFD","all","radar","D:\文件备份\学习\论文-故障分类\绘图\plot_radar_robustness.py","7228","2b0e7becede7642531f8cbbcfa0988f521ff5d5fbd31245153b14cc1930b3fc6","true","Generates robustness radar figures"
"code/sufd/clean/basic.ipynb","notebook","SUFD","clean","basic","D:\文件备份\学习\论文-故障分类\历史模型\Geer_train_NEW\Round_2\No_noisy\Geercode_bace.ipynb","509496","491bf915ff42838e510423afaba35bf26da5524f3b664ed30d9c0732ef246391","true","Selected paper-result notebook"
"code/sufd/clean/hybrid.ipynb","notebook","SUFD","clean","hybrid","D:\文件备份\学习\论文-故障分类\历史模型\Geer_train_NEW\Round_2\No_noisy\Geercode_dnn_wave.ipynb","828605","5727ef424edc6b393ba38d105994fab6e2c7083478f92f0deb69b13575b4b1e9","true","Selected paper-result notebook"
"code/sufd/clean/model_denoising.ipynb","notebook","SUFD","clean","model_denoising","D:\文件备份\学习\论文-故障分类\历史模型\Geer_train_NEW\Round_2\No_noisy\Geercode_dnn.ipynb","318371","df5fb52f13e1a58b04420cf9fd5282a02278667e0c2c4d091837ab407c3a8e92","true","Selected paper-result notebook"
"code/sufd/clean/wavelet.ipynb","notebook","SUFD","clean","wavelet","D:\文件备份\学习\论文-故障分类\历史模型\Geer_train_NEW\Round_2\No_noisy\Geercode_wave.ipynb","313269","78c59967855d765896d617039b4dab187fdd87b3fd9c8bb8e73303cf4b5494f2","true","Selected paper-result notebook"
"code/sufd/snr15/basic.ipynb","notebook","SUFD","snr15","basic","D:\文件备份\学习\论文-故障分类\历史模型\Geer_train_NEW\Round_1\SNR=15\Geercode_bace.ipynb","495622","b31c4d0fb25006215914e26e958f28780d4fad1d9bbaff586b356d94a843e048","true","Selected paper-result notebook"
"code/sufd/snr15/hybrid.ipynb","notebook","SUFD","snr15","hybrid","D:\文件备份\学习\论文-故障分类\历史模型\Geer_train_NEW\Round_1\SNR=15\Geercode_dnn_wave.ipynb","828399","e2ff66ec325ba669450c03e0c0af4f2ea3b9b0db8064a7df6557292f849c824e","true","Selected paper-result notebook"
"code/sufd/snr15/model_denoising.ipynb","notebook","SUFD","snr15","model_denoising","D:\文件备份\学习\论文-故障分类\历史模型\Geer_train_NEW\Round_1\SNR=15\Geercode_dnn.ipynb","302619","b8c832edc9677708a2a6f3edab28edbb9bfde19f755fd277e5001acc94b5a81a","true","Selected paper-result notebook"
"code/sufd/snr15/wavelet.ipynb","notebook","SUFD","snr15","wavelet","D:\文件备份\学习\论文-故障分类\历史模型\Geer_train_NEW\Round_1\SNR=15\Geercode_wave.ipynb","307182","d17cab116ca3f5c639dc3532424f201c6c204623f02cba8b3eaf4d62da7601a1","true","Selected paper-result notebook"
"code/sufd/snr20/basic.ipynb","notebook","SUFD","snr20","basic","D:\文件备份\学习\论文-故障分类\历史模型\Geer_train_NEW\Round_1\SNR=20\Geercode_bace.ipynb","502176","083ab5bf5eaf015c4170b5a76cb078c5917562aed860f7f0ab1b324a4f278818","true","Selected paper-result notebook"
"code/sufd/snr20/hybrid.ipynb","notebook","SUFD","snr20","hybrid","D:\文件备份\学习\论文-故障分类\历史模型\Geer_train_NEW\Round_2\SNR=20\Geercode_dnn_wave.ipynb","832080","76c1eb12650bbf0edbf134cb1679f65b52af74d399ce95916aafed98bd037868","true","Selected paper-result notebook"
"code/sufd/snr20/model_denoising.ipynb","notebook","SUFD","snr20","model_denoising","D:\文件备份\学习\论文-故障分类\历史模型\Geer_train_NEW\Round_1\SNR=20\Geercode_dnn.ipynb","296784","570ff3589fbc44065db6eeb4ca39e12ecbdd14c57e48e5c9d2f71adcf2c80b4e","true","Selected paper-result notebook"
"code/sufd/snr20/wavelet.ipynb","notebook","SUFD","snr20","wavelet","D:\文件备份\学习\论文-故障分类\历史模型\Geer_train_NEW\Round_2\SNR=20\Geercode_wave.ipynb","309250","1513788a9e410fa7633b5b6c587a89298860084b16763937286ea1dcb3fffc91","true","Selected paper-result notebook"
"data/processed/cwru/cwru_clean.h5","processed_data","CWRU","clean","","D:\文件备份\学习\论文-故障分类\历史模型\models\Noise_add_model\CWRU_base.h5","54077896","f2435910416ca9b55f149a1e7f55a875403398e833a7a8bf98fd06b7c5afa916","true","Deduplicated canonical HDF5 copy"
"data/processed/cwru/cwru_snr0.h5","processed_data","CWRU","snr0","","D:\文件备份\学习\论文-故障分类\历史模型\models\Noise_add_model\Gaussian_noise_SNR=0\CWRU_test_noisy_SNR0.h5","54077896","25df9f2924a99245f318aed3c7dcd58d7f2a3e1d750b6a74e35001d4593a1605","true","Deduplicated canonical HDF5 copy"
"data/processed/cwru/cwru_snr10.h5","processed_data","CWRU","snr10","","D:\文件备份\学习\论文-故障分类\历史模型\models\Noise_add_model\Gaussian_noise_SNR=10\CWRU_test_noisy_SNR10.h5","54077896","fd1d944356a33d799ad5d57435111676228fab9c072310d9978df63a3692ec43","true","Deduplicated canonical HDF5 copy"
"data/processed/cwru/cwru_snr15.h5","processed_data","CWRU","snr15","","D:\文件备份\学习\论文-故障分类\历史模型\models\Noise_add_model\Gaussian_noise_SNR=15\CWRU_test_noisy_SNR15.h5","54077896","9698896a0b843ccb7988f3255c09138b60bdd2d21cc9259e46a17e57d0c9eab7","true","Deduplicated canonical HDF5 copy"
"data/processed/cwru/cwru_snr20.h5","processed_data","CWRU","snr20","","D:\文件备份\学习\论文-故障分类\历史模型\models\Noise_add_model\Gaussian_noise_SNR=20\CWRU_test_noisy_SNR20.h5","54077896","842ea9e27c53d1c83aeb3056f0fe7a199c730b4c3d28b1ab617be2f9b688ec90","true","Deduplicated canonical HDF5 copy"
"data/processed/cwru/cwru_snr5.h5","processed_data","CWRU","snr5","","D:\文件备份\学习\论文-故障分类\历史模型\models\Noise_add_model\Gaussian_noise_SNR=5\CWRU_test_noisy_SNR5.h5","54077896","e47ac73906ed01170a68bcddc8c5a43b9f1ed511605bba2c99649fcf5bfa3e70","true","Deduplicated canonical HDF5 copy"
"data/processed/sufd/sufd_clean.h5","processed_data","SUFD","clean","","D:\文件备份\学习\论文-故障分类\历史模型\Geer_train_NEW\Noisy_add\Geerdataset_bace.h5","23017210","d59ded38513d156b7736f24689ebcf62f8e1172070ff48fc1bab7d8e1f18e876","true","Deduplicated canonical HDF5 copy"
"data/processed/sufd/sufd_snr15.h5","processed_data","SUFD","snr15","","D:\文件备份\学习\论文-故障分类\历史模型\Geer_train_NEW\Noisy_add\Geerdataset_SNR15.h5","27090496","730face4e45bad141b56766b0a1d9f6cc14f58df30b8d3baff0b5ea177d15b93","true","Deduplicated canonical HDF5 copy"
"data/processed/sufd/sufd_snr20.h5","processed_data","SUFD","snr20","","D:\文件备份\学习\论文-故障分类\历史模型\Geer_train_NEW\Noisy_add\Geerdataset_SNR20.h5","27090496","7f2c0f636095091f52a261346a001bc7bd2ca0049061d2f24d4733aba17e706e","true","Deduplicated canonical HDF5 copy"
"docs/legacy_result_workbooks/paper_results_cwru_original.xlsx","legacy_result_source","CWRU","all","","","9103","35c2f69b71010508980169477ff4ec66c1e9eff681ba989e93a4ac4b8e952197","","Legacy pre-correction workbook containing superseded 0.9534; retained only for provenance"
"docs/legacy_result_workbooks/paper_results_sufd_original.xlsx","legacy_result_source","SUFD","all","","D:\文件备份\学习\论文-故障分类\专刊专改\04_实验资源\picture\试验结果SUFD.xlsx","9065","6038a4aab5e3ea9c07cb6f451d4842fd435745d80d34029447044f504144b491","true","Legacy source workbook; authoritative staged table is results/sufd_results.csv"
"models/cwru/clean/basic_state_dict.pkl","checkpoint","CWRU","clean","basic","D:\文件备份\学习\论文-故障分类\历史模型\models\ROUND_4\Bace\Yourmodel.pkl","333009","c1eca51a4a483054ecaf159bd6390c5cf627af8c9576ce705af9415417f52842","true","PyTorch state dictionary"
"models/cwru/clean/hybrid_state_dict.pkl","checkpoint","CWRU","clean","hybrid","D:\文件备份\学习\论文-故障分类\历史模型\models\ROUND_4\Bace\Dnn_wave_model.pkl","339053","0dff84067f30fbfa4d397548ba8f60d09866183ccdfd5df26493dce9df3ec8ce","true","PyTorch state dictionary"
"models/cwru/clean/model_denoising_state_dict.pkl","checkpoint","CWRU","clean","model_denoising","D:\文件备份\学习\论文-故障分类\历史模型\models\ROUND_4\Bace\Bace_dnn_model.pkl","337517","f6bf0c366f7ec4992893251e27ac7d3880be401e0f2f0532cfa6d538abf63653","true","PyTorch state dictionary"
"models/cwru/clean/wavelet_state_dict.pkl","checkpoint","CWRU","clean","wavelet","D:\文件备份\学习\论文-故障分类\历史模型\models\ROUND_4\Bace\Bace_wave_model.pkl","333390","0b0752f1861cc4b6a6ee75561d6abe82eab390c275351abe8abace5fd1a8ec6b","true","PyTorch state dictionary"
"models/cwru/snr0/basic_state_dict.pkl","checkpoint","CWRU","snr0","basic","D:\文件备份\学习\论文-故障分类\历史模型\models\ROUND_4\Gaussian_test_noise_SNR=0\Bace_model.pkl","333009","ee3a40b4de6a1022ba9b4cee05459285ab0d48de30725bf0b9a18c6b57368c6b","true","PyTorch state dictionary"
"models/cwru/snr0/hybrid_state_dict.pkl","checkpoint","CWRU","snr0","hybrid","D:\文件备份\学习\论文-故障分类\历史模型\models\ROUND_4\Gaussian_test_noise_SNR=0\Dnn_wave_model.pkl","339053","ca55ffe642a1cdf1829682d36719569f9bc120c4301450902af815d90873a1f4","true","PyTorch state dictionary"
"models/cwru/snr0/model_denoising_state_dict.pkl","checkpoint","CWRU","snr0","model_denoising","D:\文件备份\学习\论文-故障分类\历史模型\models\ROUND_4\Gaussian_test_noise_SNR=0\Bace_dnn_model.pkl","337517","b73082dcbf21b411968fe28e54d32c26f4396656a8529d7d5dc5ef2736a71202","true","PyTorch state dictionary"
"models/cwru/snr0/wavelet_state_dict.pkl","checkpoint","CWRU","snr0","wavelet","D:\文件备份\学习\论文-故障分类\历史模型\models\ROUND_4\Gaussian_test_noise_SNR=0\Bace_wave_model.pkl","333390","e5281a879f36954b10574b5eb9773cfa7130760f09c69025b2043a2db726c0c8","true","PyTorch state dictionary"
"models/cwru/snr10/basic_state_dict.pkl","checkpoint","CWRU","snr10","basic","D:\文件备份\学习\论文-故障分类\历史模型\models\ROUND_5\Gaussian_test_noise_SNR=10\Bace_model.pkl","333009","890db516912e39b728e2284574ae29db770eccb6ff7308dafb7a0915933da5f7","true","PyTorch state dictionary"
"models/cwru/snr10/hybrid_state_dict.pkl","checkpoint","CWRU","snr10","hybrid","D:\文件备份\学习\论文-故障分类\历史模型\models\ROUND_5\Gaussian_test_noise_SNR=10\Dnn_wave_model.pkl","339053","fdb3747cc9e27b89c6ed6031794898262af65d2979e6c25f3d514618b347f820","true","PyTorch state dictionary"
"models/cwru/snr10/model_denoising_state_dict.pkl","checkpoint","CWRU","snr10","model_denoising","D:\文件备份\学习\论文-故障分类\历史模型\models\ROUND_5\Gaussian_test_noise_SNR=10\Bace_dnn_model.pkl","337517","2b125082c29aa99cf0e89f028a06f8476babc57423cc90fe8a3807542cfdb9af","true","PyTorch state dictionary"
"models/cwru/snr10/wavelet_state_dict.pkl","checkpoint","CWRU","snr10","wavelet","D:\文件备份\学习\论文-故障分类\历史模型\models\ROUND_5\Gaussian_test_noise_SNR=10\Bace_wave_model.pkl","333390","559cf25640c3378e674bb7b435724f02214d4c80e50466b572903d63150a684f","true","PyTorch state dictionary"
"models/cwru/snr15/basic_state_dict.pkl","checkpoint","CWRU","snr15","basic","D:\文件备份\学习\论文-故障分类\历史模型\models\ROUND_4\Gaussian_test_noise_SNR=15\Bace_model.pkl","333009","7d1f2b3ae832f4f4fbcb63cbc35eebc58835bebf47ff25ae366bd7b3502b4eaa","true","PyTorch state dictionary"
"models/cwru/snr15/hybrid_state_dict.pkl","checkpoint","CWRU","snr15","hybrid","D:\文件备份\学习\论文-故障分类\历史模型\models\ROUND_4\Gaussian_test_noise_SNR=15\Dnn_wave_model.pkl","339053","0ae66b779bb02e966db8585735d74a4d1f7e57c465a8d30fc478a69c79cc1298","true","PyTorch state dictionary"
"models/cwru/snr15/model_denoising_state_dict.pkl","checkpoint","CWRU","snr15","model_denoising","D:\文件备份\学习\论文-故障分类\历史模型\models\ROUND_4\Gaussian_test_noise_SNR=15\Bace_dnn_model.pkl","337517","df639f543262fd9c8ee3999e9ca7ead5199720da6b24016be8ecf390f46b5995","true","PyTorch state dictionary"
"models/cwru/snr15/wavelet_state_dict.pkl","checkpoint","CWRU","snr15","wavelet","D:\文件备份\学习\论文-故障分类\历史模型\models\ROUND_4\Gaussian_test_noise_SNR=15\Bace_wave_model.pkl","333390","9ac3ce01a1f442c172f851ce9b2ec9c01961a66bb78f40b34592cbd389023f78","true","PyTorch state dictionary"
"models/cwru/snr20/basic_state_dict.pkl","checkpoint","CWRU","snr20","basic","D:\文件备份\学习\论文-故障分类\历史模型\models\ROUND_4\Gaussian_test_noise_SNR=20\Bace.pkl","333009","b16de9c2b3fc7cfce50877df38df14c5561c0e9ca4b659c96c05a90973fc23c8","true","PyTorch state dictionary"
"models/cwru/snr20/hybrid_state_dict.pkl","checkpoint","CWRU","snr20","hybrid","D:\文件备份\学习\论文-故障分类\历史模型\models\ROUND_4\Gaussian_test_noise_SNR=20\Dnn_wave_model.pkl","339053","fb0857b62a0cf45e3e60907e1ace6d9af418bac3f87a2a5cb08e241349b71a37","true","PyTorch state dictionary"
"models/cwru/snr20/model_denoising_state_dict.pkl","checkpoint","CWRU","snr20","model_denoising","D:\文件备份\学习\论文-故障分类\历史模型\models\ROUND_4\Gaussian_test_noise_SNR=20\Bace_dnn_model.pkl","337517","c064a6c7863f71279766a6b7ffa7872d6db65f3ee3cbdfa71caef440ce21a242","true","PyTorch state dictionary"
"models/cwru/snr20/wavelet_state_dict.pkl","checkpoint","CWRU","snr20","wavelet","D:\文件备份\学习\论文-故障分类\历史模型\models\ROUND_4\Gaussian_test_noise_SNR=20\Bace_wave_model.pkl","333390","ee290a16772d3c51e9bc5d5ce0b8eadb0471f2983f537658146f3d6dd0ab2e02","true","PyTorch state dictionary"
"models/cwru/snr5/basic_state_dict.pkl","checkpoint","CWRU","snr5","basic","D:\文件备份\学习\论文-故障分类\历史模型\models\ROUND_4\Gaussian_test_noise_SNR=5\Bace_model.pkl","333009","73921648cf6e8512a6cd3a3e728b17970fd55091eda9f820e496d26be40d3048","true","PyTorch state dictionary"
"models/cwru/snr5/hybrid_state_dict.pkl","checkpoint","CWRU","snr5","hybrid","D:\文件备份\学习\论文-故障分类\历史模型\models\ROUND_4\Gaussian_test_noise_SNR=5\Dnn_wave_model.pkl","339053","7ad334ad13dcb71a3f29bd6acc00e37a52f317d053e3da63ef11e6a6801252a9","true","PyTorch state dictionary"
"models/cwru/snr5/model_denoising_state_dict.pkl","checkpoint","CWRU","snr5","model_denoising","D:\文件备份\学习\论文-故障分类\历史模型\models\ROUND_4\Gaussian_test_noise_SNR=5\Bace_dnn_model.pkl","337517","69c286d8352b7c6f9547f227d086b5b1b4540c4b13bce1278bf91fa9fbbc5c23","true","PyTorch state dictionary"
"models/cwru/snr5/wavelet_state_dict.pkl","checkpoint","CWRU","snr5","wavelet","D:\文件备份\学习\论文-故障分类\历史模型\models\ROUND_4\Gaussian_test_noise_SNR=5\Bace_wave_model.pkl","333390","6bd76cd4c2850dfdc9e53e71f4bc2dfd6abf1c40fb4553a3a9d276ebb4f83580","true","PyTorch state dictionary"
"models/sufd/clean/basic_state_dict.pkl","checkpoint","SUFD","clean","basic","D:\文件备份\学习\论文-故障分类\历史模型\Geer_train_NEW\Round_2\No_noisy\Yourmodel.pkl","331473","2c41a9c17155c0d58ccfd9e5f50600b5c96b1b9aa4df4105bcb2546b761f7454","true","PyTorch state dictionary"
"models/sufd/clean/hybrid_state_dict.pkl","checkpoint","SUFD","clean","hybrid","D:\文件备份\学习\论文-故障分类\历史模型\Geer_train_NEW\Round_2\No_noisy\Dnn_wave_model.pkl","337517","081b0f384293ef5cebc4f92914a78204e92d4445edc9ac9642b20e20d2a4b620","true","PyTorch state dictionary"
"models/sufd/clean/model_denoising_state_dict.pkl","checkpoint","SUFD","clean","model_denoising","D:\文件备份\学习\论文-故障分类\历史模型\Geer_train_NEW\Round_2\No_noisy\Bace_dnn_model.pkl","335981","74b71c46d1477dd595804880a25e7b4101ed1a4bf0c2bae2d7b46d10f760e69c","true","PyTorch state dictionary"
"models/sufd/clean/wavelet_state_dict.pkl","checkpoint","SUFD","clean","wavelet","D:\文件备份\学习\论文-故障分类\历史模型\Geer_train_NEW\Round_2\No_noisy\Bace_wave_model.pkl","331854","f9c75e9dc6e4c87cdecb8b0db9a740033bfea19b2cb16be6db0c363a99da1c58","true","PyTorch state dictionary"
"models/sufd/snr15/basic_state_dict.pkl","checkpoint","SUFD","snr15","basic","D:\文件备份\学习\论文-故障分类\历史模型\Geer_train_NEW\Round_1\SNR=15\Yourmodel.pkl","331473","3b144aaecda326b9e67a73f99aa9e18ad274c4d44a8bdb0226712de602271eb9","true","PyTorch state dictionary"
"models/sufd/snr15/hybrid_state_dict.pkl","checkpoint","SUFD","snr15","hybrid","D:\文件备份\学习\论文-故障分类\历史模型\Geer_train_NEW\Round_1\SNR=15\Dnn_wave_model.pkl","337517","af5839d10eeb0db2c4a89642ecbc4c004ab78089fcc6940bc0654a26d495c391","true","PyTorch state dictionary"
"models/sufd/snr15/model_denoising_state_dict.pkl","checkpoint","SUFD","snr15","model_denoising","D:\文件备份\学习\论文-故障分类\历史模型\Geer_train_NEW\Round_1\SNR=15\Bace_dnn_model.pkl","335981","ae80cb7a83151185f1e87e8f1ceb47a53d4229063ad439481931a71f2b8a3942","true","PyTorch state dictionary"
"models/sufd/snr15/wavelet_state_dict.pkl","checkpoint","SUFD","snr15","wavelet","D:\文件备份\学习\论文-故障分类\历史模型\Geer_train_NEW\Round_1\SNR=15\Bace_wave_model.pkl","331854","b789a0b0e05ac208823a4a1e87ba9848dd239adc420815f7dc7aedc5186e1e58","true","PyTorch state dictionary"
"models/sufd/snr20/basic_state_dict.pkl","checkpoint","SUFD","snr20","basic","D:\文件备份\学习\论文-故障分类\历史模型\Geer_train_NEW\Round_1\SNR=20\Yourmodel.pkl","331473","06afa488963187092053c5f87cec89b6f8a46f17e34825b0d27ef5e316be5be7","true","PyTorch state dictionary"
"models/sufd/snr20/hybrid_state_dict.pkl","checkpoint","SUFD","snr20","hybrid","D:\文件备份\学习\论文-故障分类\历史模型\Geer_train_NEW\Round_2\SNR=20\Dnn_wave_model.pkl","337517","b748061d5b41da3e388a256dbd667d29dbc032a8f5cf9ea545efc9ce7252ea36","true","PyTorch state dictionary"
"models/sufd/snr20/model_denoising_state_dict.pkl","checkpoint","SUFD","snr20","model_denoising","D:\文件备份\学习\论文-故障分类\历史模型\Geer_train_NEW\Round_1\SNR=20\Bace_dnn_model.pkl","335981","a82c088e6a00806d0b08c877c75598f8c84757cfa8129c5c6bf9e1be4d8693d0","true","PyTorch state dictionary"
"models/sufd/snr20/wavelet_state_dict.pkl","checkpoint","SUFD","snr20","wavelet","D:\文件备份\学习\论文-故障分类\历史模型\Geer_train_NEW\Round_2\SNR=20\Bace_wave_model.pkl","331854","5cafd14a2e7d12996ab77a91938b2fdb551b7a54ee2706fa9c21dfcd62f2a407","true","PyTorch state dictionary"
"results/figures/Figure_6a.pdf","publication_figure","CWRU","all","accuracy_bar","D:\文件备份\学习\论文-故障分类\绘图\accuracy_figures_fix2\CWRU_accuracy_bar.pdf","32500","fcf433f780792213850740105117109dd2a8b75a2354eb356a49af773203b750","true","Corrected publication figure"
"results/figures/Figure_6b.pdf","publication_figure","CWRU","all","accuracy_line","D:\文件备份\学习\论文-故障分类\绘图\accuracy_figures_fix2\CWRU_noise_accuracy.pdf","20586","c77f96ba80c5da19e666114e26e6626b4a6cf75ab37bfaa69546eedd3cdc7f88","true","Corrected publication figure"
"results/figures/Figure_8.pdf","publication_figure","CWRU;SUFD","all","gain_interaction","D:\文件备份\学习\论文-故障分类\绘图\gain_figures_fix4\combined_gain.pdf","39213","0b181258435fa8e0e8891628773a312dce96c39b7ca256239526aea8526afe62","true","Corrected publication figure; CWRU SNR15 interaction=-0.0031"
"results/figures/Figure_9.pdf","publication_figure","CWRU;SUFD","all","radar","D:\文件备份\学习\论文-故障分类\绘图\radar_figures_fix\combined_radar.pdf","29663","f3871fdbad2cfbf1092b9a46ce93f910068256ca1e8ef19d0963242531869f98","true","Corrected publication figure"
"results/plot_data_cwru.xlsx","plot_data","CWRU","all","","D:\文件备份\学习\论文-故障分类\绘图\试验结果CWRU.xlsx","5373","2a0e9ad6d9481000ea924be3d160bfd412a546f853b2fed3e60659f39c294410","true","Corrected source; CWRU SNR15 Hybrid=0.9512"
"results/plot_data_sufd.xlsx","plot_data","SUFD","all","","D:\文件备份\学习\论文-故障分类\绘图\试验结果SUFD.xlsx","9065","6038a4aab5e3ea9c07cb6f451d4842fd435745d80d34029447044f504144b491","true","Source workbook for SUFD plots"
